{"cameraMode":{"drawMode":0,"name":"Shaded","section":"Shading Mode"},"sceneLighting":true,"audioPlay":false,"sceneViewState":{"showFog":true,"showMaterialUpdate":false,"showSkybox":true,"showFlares":true,"showImageEffects":true,"showParticleSystems":true},"in2DMode":false,"pivot":{"x":-3.185546875,"y":0.28338623046875,"z":-6.89605712890625},"rotation":{"x":0.011472651734948159,"y":-0.7185798287391663,"z":0.011857658624649048,"w":0.6952497363090515},"size":12.430642127990723,"orthographic":true}